Year,Proportion_of_Score_3
2022,0.5701754385964912
2023,0.6666666666666666
2016,0.5375
2018,0.5567567567567567
2017,0.5698324022346368
2019,0.5621890547263682
2010,0.5944055944055944
2015,0.5183673469387755
2020,0.5514018691588785
2011,0.5783132530120482
2021,0.5948275862068966
2014,0.4824561403508772
2013,0.5154185022026432
2012,0.5180722891566265
2009,0.5
2008,0.4489795918367347
2007,0.5333333333333333
2006,0.6666666666666666